prod7da0a05602179fd8@yopmail.com;Jemetr!@#()11Capybara123;b6db5fd6e1262f07f985a8b645c7c99a
prod7da0a05602179fd8@yopmail.com;Jemetr!@#()11Capybara123;b6db5fd6e1262f07f985a8b645c7c99a
prod7da0a05602179fd8@yopmail.com;Jemetr!@#()11Capybara123;b6db5fd6e1262f07f985a8b645c7c99a
prod7da0a05602179fd8@yopmail.com;Jemetr!@#()11Capybara123;b6db5fd6e1262f07f985a8b645c7c99a
prod7da0a05602179fd8@yopmail.com;Jemetr!@#()11Capybara123;b6db5fd6e1262f07f985a8b645c7c99a
prod7da0a05602179fd8@yopmail.com;Jemetr!@#()11Capybara123;b6db5fd6e1262f07f985a8b645c7c99a
prod7da0a05602179fd8@yopmail.com;Jemetr!@#()11Capybara123;b6db5fd6e1262f07f985a8b645c7c99a
prod7da0a05602179fd8@yopmail.com;Jemetr!@#()11Capybara123;b6db5fd6e1262f07f985a8b645c7c99a
prod7da0a05602179fd8@yopmail.com;Jemetr!@#()11Capybara123;b6db5fd6e1262f07f985a8b645c7c99a
prod7da0a05602179fd8@yopmail.com;Jemetr!@#()11Capybara123;b6db5fd6e1262f07f985a8b645c7c99a
prod7da0a05602179fd8@yopmail.com;Jemetr!@#()11Capybara123;b6db5fd6e1262f07f985a8b645c7c99a
prod7da0a05602179fd8@yopmail.com;Jemetr!@#()11Capybara123;b6db5fd6e1262f07f985a8b645c7c99a
prod7da0a05602179fd8@yopmail.com;Jemetr!@#()11Capybara123;b6db5fd6e1262f07f985a8b645c7c99a
prod7da0a05602179fd8@yopmail.com;Jemetr!@#()11Capybara123;b6db5fd6e1262f07f985a8b645c7c99a
prod7da0a05602179fd8@yopmail.com;Jemetr!@#()11Capybara123;b6db5fd6e1262f07f985a8b645c7c99a
prod7da0a05602179fd8@yopmail.com;Jemetr!@#()11Capybara123;b6db5fd6e1262f07f985a8b645c7c99a
prod7da0a05602179fd8@yopmail.com;Jemetr!@#()11Capybara123;b6db5fd6e1262f07f985a8b645c7c99a
prod7da0a05602179fd8@yopmail.com;Jemetr!@#()11Capybara123;b6db5fd6e1262f07f985a8b645c7c99a
prod7da0a05602179fd8@yopmail.com;Jemetr!@#()11Capybara123;b6db5fd6e1262f07f985a8b645c7c99a
prod7da0a05602179fd8@yopmail.com;Jemetr!@#()11Capybara123;b6db5fd6e1262f07f985a8b645c7c99a
prod7da0a05602179fd8@yopmail.com;Jemetr!@#()11Capybara123;b6db5fd6e1262f07f985a8b645c7c99a
prod7da0a05602179fd8@yopmail.com;Jemetr!@#()11Capybara123;b6db5fd6e1262f07f985a8b645c7c99a
prod7da0a05602179fd8@yopmail.com;Jemetr!@#()11Capybara123;b6db5fd6e1262f07f985a8b645c7c99a
prod7da0a05602179fd8@yopmail.com;Jemetr!@#()11Capybara123;b6db5fd6e1262f07f985a8b645c7c99a
prod7da0a05602179fd8@yopmail.com;Jemetr!@#()11Capybara123;b6db5fd6e1262f07f985a8b645c7c99a
prod7da0a05602179fd8@yopmail.com;Jemetr!@#()11Capybara123;b6db5fd6e1262f07f985a8b645c7c99a
prod7da0a05602179fd8@yopmail.com;Jemetr!@#()11Capybara123;b6db5fd6e1262f07f985a8b645c7c99a
prod7da0a05602179fd8@yopmail.com;Jemetr!@#()11Capybara123;b6db5fd6e1262f07f985a8b645c7c99a
prod7da0a05602179fd8@yopmail.com;Jemetr!@#()11Capybara123;b6db5fd6e1262f07f985a8b645c7c99a
prod7da0a05602179fd8@yopmail.com;Jemetr!@#()11Capybara123;b6db5fd6e1262f07f985a8b645c7c99a
prod7da0a05602179fd8@yopmail.com;Jemetr!@#()11Capybara123;b6db5fd6e1262f07f985a8b645c7c99a
prod7da0a05602179fd8@yopmail.com;Jemetr!@#()11Capybara123;b6db5fd6e1262f07f985a8b645c7c99a
prod7da0a05602179fd8@yopmail.com;Jemetr!@#()11Capybara123;b6db5fd6e1262f07f985a8b645c7c99a
prod7da0a05602179fd8@yopmail.com;Jemetr!@#()11Capybara123;b6db5fd6e1262f07f985a8b645c7c99a
prod7da0a05602179fd8@yopmail.com;Jemetr!@#()11Capybara123;b6db5fd6e1262f07f985a8b645c7c99a
prod7da0a05602179fd8@yopmail.com;Jemetr!@#()11Capybara123;b6db5fd6e1262f07f985a8b645c7c99a
prod7da0a05602179fd8@yopmail.com;Jemetr!@#()11Capybara123;b6db5fd6e1262f07f985a8b645c7c99a
prod7da0a05602179fd8@yopmail.com;Jemetr!@#()11Capybara123;b6db5fd6e1262f07f985a8b645c7c99a
prod7da0a05602179fd8@yopmail.com;Jemetr!@#()11Capybara123;b6db5fd6e1262f07f985a8b645c7c99a
prod7da0a05602179fd8@yopmail.com;Jemetr!@#()11Capybara123;b6db5fd6e1262f07f985a8b645c7c99a
prod7da0a05602179fd8@yopmail.com;Jemetr!@#()11Capybara123;b6db5fd6e1262f07f985a8b645c7c99a
prod7da0a05602179fd8@yopmail.com;Jemetr!@#()11Capybara123;b6db5fd6e1262f07f985a8b645c7c99a
prod7da0a05602179fd8@yopmail.com;Jemetr!@#()11Capybara123;b6db5fd6e1262f07f985a8b645c7c99a
prod7da0a05602179fd8@yopmail.com;Jemetr!@#()11Capybara123;b6db5fd6e1262f07f985a8b645c7c99a
prod7da0a05602179fd8@yopmail.com;Jemetr!@#()11Capybara123;b6db5fd6e1262f07f985a8b645c7c99a
prod7da0a05602179fd8@yopmail.com;Jemetr!@#()11Capybara123;b6db5fd6e1262f07f985a8b645c7c99a
prod7da0a05602179fd8@yopmail.com;Jemetr!@#()11Capybara123;b6db5fd6e1262f07f985a8b645c7c99a
prod7da0a05602179fd8@yopmail.com;Jemetr!@#()11Capybara123;b6db5fd6e1262f07f985a8b645c7c99a
prod7da0a05602179fd8@yopmail.com;Jemetr!@#()11Capybara123;b6db5fd6e1262f07f985a8b645c7c99a
prod7da0a05602179fd8@yopmail.com;Jemetr!@#()11Capybara123;b6db5fd6e1262f07f985a8b645c7c99a
prod7da0a05602179fd8@yopmail.com;Jemetr!@#()11Capybara123;b6db5fd6e1262f07f985a8b645c7c99a
prod7da0a05602179fd8@yopmail.com;Jemetr!@#()11Capybara123;b6db5fd6e1262f07f985a8b645c7c99a
prod7da0a05602179fd8@yopmail.com;Jemetr!@#()11Capybara123;b6db5fd6e1262f07f985a8b645c7c99a
prod7da0a05602179fd8@yopmail.com;Jemetr!@#()11Capybara123;b6db5fd6e1262f07f985a8b645c7c99a
prod7da0a05602179fd8@yopmail.com;Jemetr!@#()11Capybara123;b6db5fd6e1262f07f985a8b645c7c99a
prod7da0a05602179fd8@yopmail.com;Jemetr!@#()11Capybara123;b6db5fd6e1262f07f985a8b645c7c99a
prod7da0a05602179fd8@yopmail.com;Jemetr!@#()11Capybara123;b6db5fd6e1262f07f985a8b645c7c99a
prod7da0a05602179fd8@yopmail.com;Jemetr!@#()11Capybara123;b6db5fd6e1262f07f985a8b645c7c99a
prod7da0a05602179fd8@yopmail.com;Jemetr!@#()11Capybara123;b6db5fd6e1262f07f985a8b645c7c99a
prod7da0a05602179fd8@yopmail.com;Jemetr!@#()11Capybara123;b6db5fd6e1262f07f985a8b645c7c99a
prod7da0a05602179fd8@yopmail.com;Jemetr!@#()11Capybara123;b6db5fd6e1262f07f985a8b645c7c99a
prod7da0a05602179fd8@yopmail.com;Jemetr!@#()11Capybara123;b6db5fd6e1262f07f985a8b645c7c99a
prod7da0a05602179fd8@yopmail.com;Jemetr!@#()11Capybara123;b6db5fd6e1262f07f985a8b645c7c99a
prod7da0a05602179fd8@yopmail.com;Jemetr!@#()11Capybara123;b6db5fd6e1262f07f985a8b645c7c99a
prod7da0a05602179fd8@yopmail.com;Jemetr!@#()11Capybara123;b6db5fd6e1262f07f985a8b645c7c99a
prod7da0a05602179fd8@yopmail.com;Jemetr!@#()11Capybara123;b6db5fd6e1262f07f985a8b645c7c99a
prod7da0a05602179fd8@yopmail.com;Jemetr!@#()11Capybara123;b6db5fd6e1262f07f985a8b645c7c99a
prod7da0a05602179fd8@yopmail.com;Jemetr!@#()11Capybara123;b6db5fd6e1262f07f985a8b645c7c99a
prod7da0a05602179fd8@yopmail.com;Jemetr!@#()11Capybara123;b6db5fd6e1262f07f985a8b645c7c99a
prod7da0a05602179fd8@yopmail.com;Jemetr!@#()11Capybara123;b6db5fd6e1262f07f985a8b645c7c99a
prod7da0a05602179fd8@yopmail.com;Jemetr!@#()11Capybara123;b6db5fd6e1262f07f985a8b645c7c99a
prod7da0a05602179fd8@yopmail.com;Jemetr!@#()11Capybara123;b6db5fd6e1262f07f985a8b645c7c99a
prod7da0a05602179fd8@yopmail.com;Jemetr!@#()11Capybara123;b6db5fd6e1262f07f985a8b645c7c99a
prod7da0a05602179fd8@yopmail.com;Jemetr!@#()11Capybara123;b6db5fd6e1262f07f985a8b645c7c99a
prod7da0a05602179fd8@yopmail.com;Jemetr!@#()11Capybara123;b6db5fd6e1262f07f985a8b645c7c99a
prod7da0a05602179fd8@yopmail.com;Jemetr!@#()11Capybara123;b6db5fd6e1262f07f985a8b645c7c99a
prod7da0a05602179fd8@yopmail.com;Jemetr!@#()11Capybara123;b6db5fd6e1262f07f985a8b645c7c99a
prod7da0a05602179fd8@yopmail.com;Jemetr!@#()11Capybara123;b6db5fd6e1262f07f985a8b645c7c99a
prod7da0a05602179fd8@yopmail.com;Jemetr!@#()11Capybara123;b6db5fd6e1262f07f985a8b645c7c99a
prod7da0a05602179fd8@yopmail.com;Jemetr!@#()11Capybara123;b6db5fd6e1262f07f985a8b645c7c99a
