s16b07c1619f28abab@yopmail.com;Jemetr!@#()11Capybara123;6a30909b807c9663535140def584772e
s1405c3d9c527c65ce@yopmail.com;Jemetr!@#()11Capybara123;e5fb7d6da0da9c99e8bb52cf94b3fa81
s1e12b3e56add9689b@yopmail.com;Jemetr!@#()11Capybara123;cd6d10fd10faf103434cc4412ed028ee
s1a723460ac84d5424@yopmail.com;Jemetr!@#()11Capybara123;8128ed925631ba18c0db19ce72bd5839
s1053e72bf137ad64c@yopmail.com;Jemetr!@#()11Capybara123;ef410bfd41cfa260cf74941b6b6f303f
s1ef8a04982651b0ae@yopmail.com;Jemetr!@#()11Capybara123;0f0cf5c4c42d533cce2b96102de5da41
s1499c7d5e483c8d36@yopmail.com;Jemetr!@#()11Capybara123;90b1df358e7d6c62c065c96b403cfa34
s1227401e64279b2f4@yopmail.com;Jemetr!@#()11Capybara123;966dcd7f516b75d716b926e4036078d4
s1c2e785adf65f4c12@yopmail.com;Jemetr!@#()11Capybara123;9cf7e784edffd0c0934bd5ac64b0e16c
s12ac37befe51583ee@yopmail.com;Jemetr!@#()11Capybara123;fa74a92ed84a9d3c2bf703edc7ef4751
s1b7b167cd22686a92@yopmail.com;Jemetr!@#()11Capybara123;8a05b008002722806cfc2fdcfc211ab7
s13bb989c643838fe1@yopmail.com;Jemetr!@#()11Capybara123;78143defdc544cfc22b7837c499f40c3
s15134514488dbff5e@yopmail.com;Jemetr!@#()11Capybara123;8d40eadbcb8bcd16e466da4cc250cc38
s125fe1e0322421993@yopmail.com;Jemetr!@#()11Capybara123;8334409ae955ad53483e7ea7d0f12494
s1915c634a4d3b86ef@yopmail.com;Jemetr!@#()11Capybara123;8e388a7ba91b5080612ee21f0477005b
s1fbea47f8d608118e@yopmail.com;Jemetr!@#()11Capybara123;7761136331b08872ea241dc97bbadc54
s10a0f7fdf9460ef86@yopmail.com;Jemetr!@#()11Capybara123;817ecfaf29f393a5945215e87818f13d
s16e486652858640ac@yopmail.com;Jemetr!@#()11Capybara123;8f5433276299ba4d503e9847bca51a16
s15e8c10de46bffbfa@yopmail.com;Jemetr!@#()11Capybara123;8e3064de865bf0697d5da9e3ae74e840
s12df1125286e8b51e@yopmail.com;Jemetr!@#()11Capybara123;92adf52c851f013cbd487b833510acef
s129de9cc971a6869e@yopmail.com;Jemetr!@#()11Capybara123;f90e730ecc3e05e0562777e579670279
s1fc803211219df173@yopmail.com;Jemetr!@#()11Capybara123;b9f617eb53d9f5f1d507d37d837771b2
s1442d6a4b9fd92215@yopmail.com;Jemetr!@#()11Capybara123;bafe1cd669c21a8d0f1ae70159e7b6ea
s14b9d4356f191cbea@yopmail.com;Jemetr!@#()11Capybara123;9e10f09775308b074c00bcaef03d416b
s1062ad94ded4b7530@yopmail.com;Jemetr!@#()11Capybara123;d35170616410c85e86af8c1444dae9c7
s1fc6af913914c2a1a@yopmail.com;Jemetr!@#()11Capybara123;47c9a4619520e1889176b13b2c4a1369
s1c37934387265cc0f@yopmail.com;Jemetr!@#()11Capybara123;428f4580cbff5418991fa38b700f26a0
s157383be5676287dd@yopmail.com;Jemetr!@#()11Capybara123;26ffcc4f63a5b80f03a753c58672bed6
s17fbd481e6d8cf084@yopmail.com;Jemetr!@#()11Capybara123;d90e95332593a1012d66e419bb25d97a
s188d35cae7f88d9c8@yopmail.com;Jemetr!@#()11Capybara123;cb9e52d4d4dbbf768ace49ea306eafe5
s17896e9fb3bd03dae@yopmail.com;Jemetr!@#()11Capybara123;d3f0a85720ecdc0218a3f0bea8788702
s16884035e4606d8b7@yopmail.com;Jemetr!@#()11Capybara123;d9cbf0f55f2ad37b51abd02dff28d404
s128bcf9cb45f7e8ae@yopmail.com;Jemetr!@#()11Capybara123;bda4f30ca35c389faa33aea41717dac1
s1d82903a97e48ec97@yopmail.com;Jemetr!@#()11Capybara123;c17c1db377c67c3fdaabe3a86ee67e4a
s1123aeb3f6dd9c1c8@yopmail.com;Jemetr!@#()11Capybara123;0738e3915e24998926bc9475b0bdffc5
s14001257e8ccc2f41@yopmail.com;Jemetr!@#()11Capybara123;2ea3f7d3f81609e618cbff327f158d27
s153b018219091080c@yopmail.com;Jemetr!@#()11Capybara123;a686de1ccc5e6587dbda8b917c849892
s17db916300688c97b@yopmail.com;Jemetr!@#()11Capybara123;e46c345d1cc7102ae03c01452bbfc67d
s1c8deee187f1a611d@yopmail.com;Jemetr!@#()11Capybara123;2e7e606d13a7070d866eda08ebf6b455
s1052a5d306217c98a@yopmail.com;Jemetr!@#()11Capybara123;f01c0e18659f777043e84266d1233607
s1c6989f0eeb1baef7@yopmail.com;Jemetr!@#()11Capybara123;886a46a170584edef25ddafa71780bff
s12d1897f4f8fa0993@yopmail.com;Jemetr!@#()11Capybara123;aa6165364af3bcaabd074a4cf6768524
s18e7b07ed265f2179@yopmail.com;Jemetr!@#()11Capybara123;7b34d91aae311aca401d5872764ef0bf
s122be10e39e99ea60@yopmail.com;Jemetr!@#()11Capybara123;086bbe92334e536876a5ebb1fba527ea
s1bc709f957a8af6c4@yopmail.com;Jemetr!@#()11Capybara123;25dfcaba7c95d6811b1194564a56b61d
s17d37e6bca103e611@yopmail.com;Jemetr!@#()11Capybara123;5169f06c9a6a6a8a389dd22c9a701808
s167b8dd1a0e64a0ec@yopmail.com;Jemetr!@#()11Capybara123;331902814f46c92f948f8f877d8804dd
s1bf4d242a3e39b4b8@yopmail.com;Jemetr!@#()11Capybara123;e9e3afecb9806e3cf1d85a47d35c7536
s17e16fb1732f44594@yopmail.com;Jemetr!@#()11Capybara123;2de46f13bd001b380b924a1646176c2e
s1a1479f1d674ece4d@yopmail.com;Jemetr!@#()11Capybara123;b7a87604283bbe488375f37235fcd21a
