s.borisov@binpartner.com;12345q
sub1465487933@leeching.net;12345q
promo1465487736@leeching.net;12345q
promo1465487544@leeching.net;12345q
stage1.1461168127@leeching.net;12345q
stage1.1461337355@leeching.net;12345q
promo1465488178@leeching.net;12345q
promo1465489862@leeching.net;12345q
land1465488130@leeching.net;12345q
promocom1465489060@leeching.net;12345q
stage1.1461072001@leeching.net;12345q
promo1465490652@leeching.net;12345q
stage1.1467740952@extremail.ru;12345q
promo1465490239@leeching.net;12345q
stage2.1461072156@leeching.net;12345q
stage2.1461072034@leeching.net;12345q
promo1465489164@leeching.net;12345q
sub1465488503@leeching.net;12345q
promo1465489778@leeching.net;12345q
land1465488692@leeching.net;12345q
promo1465489945@leeching.net;12345q
sub1465490065@leeching.net;12345q
promo1465490122@leeching.net;12345q
stage1.1461252722@leeching.net;12345q
promo1465488311@leeching.net;12345q
landsub1465488876@leeching.net;12345q
land1465488692@leeching.net;12345q
promo1465489945@leeching.net;12345q
sub1465490065@leeching.net;12345q
promo1465490122@leeching.net;12345q
stage1.1461252722@leeching.net;12345q
promo1465488311@leeching.net;12345q
landsub1465488876@leeching.net;12345q
promo1465491156@leeching.net;12345q
promo1465491156@leeching.net;12345q
promo1465489475@leeching.net;12345q
promo1465490812@leeching.net;12345q
promo1465491305@leeching.net;12345q
stage1457689073@dlemail.ru;12345q
sub1465487933@leeching.net;12345q
promo1465487736@leeching.net;12345q
promo1465487544@leeching.net;12345q
stage1.1461168127@leeching.net;12345q
stage1.1461337355@leeching.net;12345q
promo1465916027@leeching.net;12345q
promo1464014306@leeching.net;12345q
stage1.1466509067@leeching.net;12345q
stage1.1464879886@leeching.net;12345q
stage1.1459786594@leeching.net;12345q
stage1.1459500727@leeching.net;12345q
stage1.1459501059@leeching.net;12345q
stage1.1461749608@leeching.net;12345q
promo1459418885@leeching.net;12345q
stage1.1465561818@leeching.net;12345q
stage1.1465562278@leeching.net;12345q
promo1459422198@leeching.net;12345q
stage1.1464617078@leeching.net;12345q
stage1.1466009892@leeching.net;12345q
stage1.1460997035@leeching.net;12345q
stage1.1460997709@leeching.net;12345q
stage1.1460998861@leeching.net;12345q
stage1.1461000006@leeching.net;12345q
stage1.1465561818@leeching.net;12345q
stage1.1460999185@leeching.net;12345q
sub1459419618@leeching.net;12345q
stage1.1466009252@leeching.net;12345q
stage1.1464617077@leeching.net;12345q
promo1459422466@leeching.net;12345q
sub1459418321@leeching.net;12345q
promo1459422198@leeching.net;12345q
promo1459420724@leeching.net;12345q
stage1.1466009892@leeching.net;12345q
promo1459419337@leeching.net;12345q
stage1.1460997035@leeching.net;12345q
stage1.1460997709@leeching.net;12345q
stage1.1460998861@leeching.net;12345q
stage1.1461000006@leeching.net;12345q
stage1.1461000568@leeching.net;12345q
stage1.1465561818@leeching.net;12345q
stage1.1460999185@leeching.net;12345q
sub1459419618@leeching.net;12345q
stage1.1464616851@leeching.net;12345q
promo1459421332@leeching.net;12345q
promo1459423470@leeching.net;12345q
promo1459423894@leeching.net;12345q
promo1459418192@leeching.net;12345q
promo1459418885@leeching.net;12345q
promo1459420927@leeching.net;12345q
promo1459418612@leeching.net;12345q
stage1.1464617071@leeching.net;12345q
promo1459419491@leeching.net;12345q
landsub1459419790@leeching.net;12345q
stage1.1464617642@leeching.net;12345q
stage1.1461691260@leeching.net;12345q
stage1.1464617077@leeching.net;12345q
promo1459422338@leeching.net;12345q
promo1459422466@leeching.net;12345q
promo1459424095@leeching.net;12345q
stage1.1466009252@leeching.net;12345q
stage1.1466008434@leeching.net;12345q
